Type,Name,Request Count,Failure Count,Median Response Time,Average Response Time,Min Response Time,Max Response Time,Average Content Size,Requests/s,Failures/s,50%,66%,75%,80%,90%,95%,98%,99%,99.9%,99.99%,100%
s3-upload,blur-images,136,0,9400,19978.565778802422,1789.1170978546143,139274.12939071655,535036.7794117647,0.22668860641468874,0.0,11000,20000,32000,35000,46000,63000,96000,104000,139000,139000,139000
s3-upload,bw-images,136,0,11000,21483.24106896625,1761.4450454711914,140341.72701835632,550952.6617647059,0.22668860641468874,0.0,11000,16000,29000,32000,52000,92000,135000,138000,140000,140000,140000
s3-upload,flip-images,116,0,13000,21797.645207109123,2190.427780151367,119306.884765625,589378.0775862068,0.19335204664782274,0.0,13000,23000,35000,36000,45000,70000,102000,104000,119000,119000,119000
s3-upload,grayscale-images,115,0,8700,17829.341625130695,2346.3244438171387,89349.05314445496,535370.9913043479,0.19168521865947946,0.0,8700,17000,28000,37000,43000,53000,73000,79000,89000,89000,89000
s3-upload,processImages,130,0,15000,23689.64246786558,2140.077829360962,119102.69284248352,593449.2384615385,0.21668763848462894,0.0,15000,24000,38000,42000,55000,69000,94000,110000,119000,119000,119000
s3-upload,resize-images,117,0,10000,19295.978529840453,1565.7458305358887,107382.11131095886,513082.55555555556,0.19501887463616605,0.0,10000,21000,28000,34000,46000,64000,77000,77000,107000,107000,107000
,Aggregated,750,0,11000,20739.986494700115,1565.7458305358887,140341.72701835632,553078.86,1.2501209912574747,0.0,11000,21000,31000,37000,48000,68000,96000,109000,140000,140000,140000
