Type,Name,Request Count,Failure Count,Median Response Time,Average Response Time,Min Response Time,Max Response Time,Average Content Size,Requests/s,Failures/s,50%,66%,75%,80%,90%,95%,98%,99%,99.9%,99.99%,100%
s3-upload,blackwhite-image-processor,134,0,9100,18870.451884483224,2478.747606277466,93226.309299469,533137.8507462686,0.22387659451477743,0.0,9500,18000,34000,37000,44000,48000,83000,83000,93000,93000,93000
s3-upload,blur-image-processor,106,0,8500,20794.673008738824,2576.8940448760986,122965.88468551636,528009.8113207547,0.17709641058631648,0.0,9400,23000,38000,40000,48000,65000,76000,90000,123000,123000,123000
s3-upload,flip-image-processor,117,0,13000,21287.45244507097,2395.747423171997,139122.6875782013,626875.4700854701,0.1954743399867833,0.0,13000,25000,34000,37000,45000,61000,85000,97000,139000,139000,139000
s3-upload,grayscale-image-processor,132,1,8300,22301.975649414642,1964.6952152252197,235310.41169166565,436149.75757575757,0.22053515280560165,0.0016707208545878912,8400,23000,33000,37000,45000,85000,104000,137000,235000,235000,235000
s3-upload,process-image-processor,151,0,8900,20748.90893026693,3215.4200077056885,173032.06706047058,524969.6026490066,0.2522788490427716,0.0,8900,20000,32000,36000,47000,78000,93000,109000,173000,173000,173000
s3-upload,resize-image-processor,122,0,7800,19204.429452536537,2730.468511581421,97601.22418403625,457022.2049180328,0.20382794425972275,0.0,7800,17000,27000,38000,49000,67000,82000,90000,98000,98000,98000
,Aggregated,762,1,9100,20529.388785988012,1964.6952152252197,235310.41169166565,516211.06167979003,1.2730892911959732,0.0016707208545878912,9100,21000,33000,37000,46000,64000,92000,100000,235000,235000,235000
