Type,Name,Request Count,Failure Count,Median Response Time,Average Response Time,Min Response Time,Max Response Time,Average Content Size,Requests/s,Failures/s,50%,66%,75%,80%,90%,95%,98%,99%,99.9%,99.99%,100%
s3-upload,blackwhite-image-processor,1169,0,78,85.34447284107844,29.384374618530273,868.9365386962891,490765.95380667236,3.8967065289866456,0.0,78,94,110,110,140,160,210,220,490,870,870
s3-upload,blur-image-processor,1238,0,76,84.93834512491796,28.376102447509766,353.3501625061035,511041.1494345719,4.12670888185241,0.0,77,96,110,110,140,160,190,240,320,350,350
s3-upload,flip-image-processor,1216,0,76,86.84723510553962,27.81534194946289,718.6734676361084,502924.47039473685,4.053374798329992,0.0,76,96,110,120,140,170,210,240,360,720,720
s3-upload,grayscale-image-processor,1137,0,76,85.2867481261885,29.698848724365234,510.0409984588623,498385.5364995602,3.7900387711358565,0.0,76,94,110,120,140,160,200,240,480,510,510
s3-upload,process-image-processor,1184,0,78,85.9943533668647,28.253793716430664,335.1473808288574,526439.5033783783,3.946707040479203,0.0,79,96,110,120,140,160,200,220,290,340,340
s3-upload,resize-image-processor,1182,0,78,88.74764640117458,29.236316680908203,1326.575517654419,515191.3358714044,3.940040305613529,0.0,78,98,110,120,150,160,190,210,1200,1300,1300
,Aggregated,7126,0,77,86.1936097328428,27.81534194946289,1326.575517654419,507557.5898119562,23.753576326397635,0.0,77,96,110,110,140,160,200,230,480,1300,1300
